{"all_simulations": [[124.01721345251087, 124.01721345251087, 117.97750472451082, 117.97750472451082], [124.01721342795702, 124.01721342795702, 119.23690486076885, 119.23690486076885, 119.23690486076885], [113.75698792998486, 113.75698792998486, 113.75698792998486], [154.13659727978273, 124.24035274842896, 119.68730023298679, 119.68730023298679], [123.34367878436706, 119.76167999829863, 119.76167999829863, 119.76167999829863, 119.76167999829863]], "all_times": [533.9076828956604, 601.061696767807, 456.98957991600037, 517.3707613945007, 600.6650590896606]}